r,r,r,r,2,414.0
name,email,destination,date,cost
name,email,destination,date,cost
name,email,destination,date,cost

name,email,destination,date,cost
name,email,destination,date,cost
name,email,destination,date,cost

name,email,destination,date,cost
name,email,destination,date,cost
name,email,destination,date,cost
name,email,destination,date,cost

name,email,destination,date,cost
name,email,destination,date,cost

name,email,destination,date,cost
name,email,destination,date,cost
name,email,destination,date,cost
name,email,destination,date,cost
name,email,destination,date,cost
name,email,destination,date,cost
name,email,destination,date,cost2,2,22,2,2,414.0
Awais,merxcz@gmail.com,Leeds.,2005-12-05,2,414.0
J,Gosh@gmail.com,rawr,02/1222,3,621.0
r,r,r,r,2,414.0
Awais,awais@gmail.com,Pakistan,02/03/34,3,621.0
Awais,Awais@pk.com,PK,2005-12-05,4,828.0
jack,jack@gmail.com,leeds,2202-34-34,3,621.0
l,,,,2,414.0
222222,22222222,2222222222222,22222222222222222222,22222,4599954.0
